{
  "best_macro_f1": 0.7555627705627705,
  "per_aspect": {
    "rasa": {
      "n": 55,
      "macro_f1": 0.658462918660287,
      "weighted_f1": 0.7171465854719443
    },
    "harga": {
      "n": 55,
      "macro_f1": 0.7200828157349897,
      "weighted_f1": 0.8895463956333521
    },
    "pelayanan": {
      "n": 56,
      "macro_f1": 0.8430979133226324,
      "weighted_f1": 0.8991916991515706
    }
  }
}