{
  "best_macro_f1": 0.6956849443216118,
  "per_aspect": {
    "rasa": {
      "n": 102,
      "macro_f1": 0.6092788790157211,
      "weighted_f1": 0.6911262112500502
    },
    "harga": {
      "n": 101,
      "macro_f1": 0.6470238095238096,
      "weighted_f1": 0.8781353135313531
    },
    "pelayanan": {
      "n": 101,
      "macro_f1": 0.7241338112305854,
      "weighted_f1": 0.8825579332126762
    }
  }
}